--Insert default data
INSERT INTO public.dmc_employee (id, address, code, date_of_birth, def_code, dept_id, edited_by, email, extra_props, first_name, gender, identity_card_card_number, identity_card_issued_by, identity_card_issued_date, job_position_code, leave_date, name, password, permissions, phone, start_date, status, user_code, user_type, username) VALUES (1, 'LLQ', 'NV0001', null, null, 1, null, null, null, null, '1', null, null, null, null, null, 'ADmin', '3f75336dfc774c69627d62afd4469862', '1', null, null, 1, '1', 1, 'admin');
INSERT INTO public.dmc_object (object_id, object_title, parent_object_id, object_value, object_type, object_icon, ord) VALUES (1, 'Trang chủ', 0, 'main', 'page', 'default', 0);
INSERT INTO public.dmc_object (object_id, object_title, parent_object_id, object_value, object_type, object_icon, ord) VALUES (4, 'Vật tư', 0, null, 'page_group', 'default', 3);
INSERT INTO public.dmc_object (object_id, object_title, parent_object_id, object_value, object_type, object_icon, ord) VALUES (6, 'Thành phẩm', 0, null, 'page_group', 'default', 5);
INSERT INTO public.dmc_object (object_id, object_title, parent_object_id, object_value, object_type, object_icon, ord) VALUES (13, 'Thông tin đăng nhập', 3, 'user_mgr', 'page', 'default', 17);
INSERT INTO public.dmc_object (object_id, object_title, parent_object_id, object_value, object_type, object_icon, ord) VALUES (9, 'Sản xuất', 0, null, 'page_group', 'default', 8);
INSERT INTO public.dmc_object (object_id, object_title, parent_object_id, object_value, object_type, object_icon, ord) VALUES (14, 'Nhân viên phòng ban', 3, 'dept_mgr', 'page', 'default', 18);
INSERT INTO public.dmc_object (object_id, object_title, parent_object_id, object_value, object_type, object_icon, ord) VALUES (11, 'Quản lí thiết bị', 0, null, 'page_group', 'default', 10);
INSERT INTO public.dmc_object (object_id, object_title, parent_object_id, object_value, object_type, object_icon, ord) VALUES (3, 'Hệ thống', 0, null, 'page_group', 'default', 1);
INSERT INTO public.dmc_object (object_id, object_title, parent_object_id, object_value, object_type, object_icon, ord) VALUES (2, 'Thông tin công ty', 0, 'info', 'page', 'default', 2);
INSERT INTO public.dmc_object (object_id, object_title, parent_object_id, object_value, object_type, object_icon, ord) VALUES (18, 'Khách hàng', 3, 'client_mgr', 'page', 'default', 15);
INSERT INTO public.dmc_object (object_id, object_title, parent_object_id, object_value, object_type, object_icon, ord) VALUES (16, 'Chức danh', 3, 'position_mgr', 'page', 'default', 13);
INSERT INTO public.dmc_object (object_id, object_title, parent_object_id, object_value, object_type, object_icon, ord) VALUES (19, 'Nhà cung cấp', 3, 'supplier_mgr', 'page', 'default', 16);
INSERT INTO public.dmc_object (object_id, object_title, parent_object_id, object_value, object_type, object_icon, ord) VALUES (12, 'Nhóm vật tư', 4, 'material_group_mgr', 'page', 'default', 11);
INSERT INTO public.dmc_object (object_id, object_title, parent_object_id, object_value, object_type, object_icon, ord) VALUES (20, 'Phân loại nhóm vật tư', 4, 'material_type_mgr', 'page', 'default', 11);
INSERT INTO public.dmc_object (object_id, object_title, parent_object_id, object_value, object_type, object_icon, ord) VALUES (21, 'Vật tư', 4, 'material_mgr', 'page', 'default', 11);
INSERT INTO public.dmc_object (object_id, object_title, parent_object_id, object_value, object_type, object_icon, ord) VALUES (99, 'Barcode & QR', 0, 'barcode', 'page', 'default', 99);
INSERT INTO public.dmc_object (object_id, object_title, parent_object_id, object_value, object_type, object_icon, ord) VALUES (32, 'Nhóm thành phẩm', 6, 'product_group_mgr', 'page', 'default', 1);
INSERT INTO public.dmc_object (object_id, object_title, parent_object_id, object_value, object_type, object_icon, ord) VALUES (31, 'Phân loại nhóm thành phẩm', 6, 'product_type_mgr', 'page', 'default', 2);
INSERT INTO public.dmc_object (object_id, object_title, parent_object_id, object_value, object_type, object_icon, ord) VALUES (30, 'Thành phẩm', 6, 'product_mgr', 'page', 'default', 3);
INSERT INTO public.dmc_object (object_id, object_title, parent_object_id, object_value, object_type, object_icon, ord) VALUES (50, 'Kho', 0, null, 'page_group', 'default', 3);
INSERT INTO public.dmc_object (object_id, object_title, parent_object_id, object_value, object_type, object_icon, ord) VALUES (51, 'Danh sách kho', 50, 'warehouse_mgr', 'page', 'default', 0);
INSERT INTO public.dmc_object (object_id, object_title, parent_object_id, object_value, object_type, object_icon, ord) VALUES (52, 'Phiếu Nhập kho', 50, 'warehouse_import', 'page', 'default', 1);
INSERT INTO public.dmc_object (object_id, object_title, parent_object_id, object_value, object_type, object_icon, ord) VALUES (53, 'Phiếu Xuất kho', 50, 'warehouse_export', 'page', 'default', 2);
INSERT INTO public.dmc_object (object_id, object_title, parent_object_id, object_value, object_type, object_icon, ord) VALUES (54, 'Phiếu Chuyển kho', 50, 'warehouse_transfer', 'page', 'default', 3);
INSERT INTO public.dmc_object (object_id, object_title, parent_object_id, object_value, object_type, object_icon, ord) VALUES (56, 'Thông số Cấu hình', 3, 'config', 'page', 'default', 99);
INSERT INTO public.dmc_object (object_id, object_title, parent_object_id, object_value, object_type, object_icon, ord) VALUES (57, 'Phiếu Hủy hàng trong kho', 50, 'warehouse_dismiss', 'page', 'default', 4);
INSERT INTO public.dmc_object (object_id, object_title, parent_object_id, object_value, object_type, object_icon, ord) VALUES (55, 'Kiểm kho', 50, 'warehouse_check', 'page', 'default', 5);
INSERT INTO public.dmc_object (object_id, object_title, parent_object_id, object_value, object_type, object_icon, ord) VALUES (58, 'Tạo thành phẩm từ vật tư', 9, 'create_product', 'page', 'default', 1);
INSERT INTO public.dmc_object (object_id, object_title, parent_object_id, object_value, object_type, object_icon, ord) VALUES (59, 'Cấu hình vật tư cho thành phẩm', 9, 'material_of_product', 'page', 'default', 2);
INSERT INTO public.dmc_object (object_id, object_title, parent_object_id, object_value, object_type, object_icon, ord) VALUES (60, 'Danh sách thiết bị', 11, 'property_mgr', 'page', 'default', 1);
INSERT INTO public.dmc_object (object_id, object_title, parent_object_id, object_value, object_type, object_icon, ord) VALUES (61, 'Giá trị vật tư tiêu hao', 11, 'property_value', 'page', 'default', 2);
INSERT INTO public.dmc_user_object (user_object_id, object_id, user_id) VALUES (1, 1, 1);
INSERT INTO public.dmc_user_object (user_object_id, object_id, user_id) VALUES (2, 2, 1);
INSERT INTO public.dmc_user_object (user_object_id, object_id, user_id) VALUES (3, 3, 1);
INSERT INTO public.dmc_user_object (user_object_id, object_id, user_id) VALUES (4, 4, 1);
INSERT INTO public.dmc_user_object (user_object_id, object_id, user_id) VALUES (5, 5, 1);
INSERT INTO public.dmc_user_object (user_object_id, object_id, user_id) VALUES (6, 6, 1);
INSERT INTO public.dmc_user_object (user_object_id, object_id, user_id) VALUES (7, 7, 1);
INSERT INTO public.dmc_user_object (user_object_id, object_id, user_id) VALUES (8, 8, 1);
INSERT INTO public.dmc_user_object (user_object_id, object_id, user_id) VALUES (9, 9, 1);
INSERT INTO public.dmc_user_object (user_object_id, object_id, user_id) VALUES (10, 10, 1);
INSERT INTO public.dmc_user_object (user_object_id, object_id, user_id) VALUES (11, 11, 1);
INSERT INTO public.dmc_user_object (user_object_id, object_id, user_id) VALUES (12, 12, 1);
INSERT INTO public.dmc_user_object (user_object_id, object_id, user_id) VALUES (13, 13, 1);
INSERT INTO public.dmc_user_object (user_object_id, object_id, user_id) VALUES (14, 14, 1);
INSERT INTO public.dmc_user_object (user_object_id, object_id, user_id) VALUES (16, 16, 1);
INSERT INTO public.dmc_user_object (user_object_id, object_id, user_id) VALUES (17, 17, 1);
INSERT INTO public.dmc_user_object (user_object_id, object_id, user_id) VALUES (18, 18, 1);
INSERT INTO public.dmc_user_object (user_object_id, object_id, user_id) VALUES (19, 19, 1);
INSERT INTO public.dmc_user_object (user_object_id, object_id, user_id) VALUES (20, 20, 1);
INSERT INTO public.dmc_user_object (user_object_id, object_id, user_id) VALUES (21, 21, 1);
INSERT INTO public.dmc_user_object (user_object_id, object_id, user_id) VALUES (30, 30, 1);
INSERT INTO public.dmc_user_object (user_object_id, object_id, user_id) VALUES (31, 31, 1);
INSERT INTO public.dmc_user_object (user_object_id, object_id, user_id) VALUES (32, 32, 1);
INSERT INTO public.dmc_user_object (user_object_id, object_id, user_id) VALUES (33, 50, 1);
INSERT INTO public.dmc_user_object (user_object_id, object_id, user_id) VALUES (34, 51, 1);
INSERT INTO public.dmc_user_object (user_object_id, object_id, user_id) VALUES (35, 52, 1);
INSERT INTO public.dmc_user_object (user_object_id, object_id, user_id) VALUES (36, 53, 1);
INSERT INTO public.dmc_user_object (user_object_id, object_id, user_id) VALUES (37, 54, 1);
INSERT INTO public.dmc_user_object (user_object_id, object_id, user_id) VALUES (38, 55, 1);
INSERT INTO public.dmc_user_object (user_object_id, object_id, user_id) VALUES (39, 56, 1);
INSERT INTO public.dmc_user_object (user_object_id, object_id, user_id) VALUES (40, 57, 1);
INSERT INTO public.dmc_user_object (user_object_id, object_id, user_id) VALUES (41, 58, 1);
INSERT INTO public.dmc_user_object (user_object_id, object_id, user_id) VALUES (42, 59, 1);
INSERT INTO public.dmc_user_object (user_object_id, object_id, user_id) VALUES (43, 99, 1);

INSERT INTO public.dmc_material_group (id, code, def_code, description, name, status) VALUES (103, 'NT000103', null, 'Thép cán nguôi Phương Nam', 'Thép cán nguôi', 1);
INSERT INTO public.dmc_material_subgroup (id, code, def_code, material_group_code, name, status) VALUES (103, 'NS000103', null, '103', 'Tôn lạnh NX', 1);
INSERT INTO public.dmc_material (id, code, is_code_fixed, def_code, full_code, material_group_code, material_subgroup_code, name, producer, short_description, sort_name, status, unit) VALUES (108, 'VT000108', false, null, null, '103', '103', 'Tôn tấm PNX-001A', 'Công ty Phương Nam', '', null, 1, 'tấm');
INSERT INTO public.dmc_warehouse (id, address, is_can_dismiss, is_can_export, is_can_import, is_can_transfer, category_id, code, name, status) VALUES (101, 'Lạc Long Quân', true, true, true, true, 0, 'KO000101', 'Kho chính', 1);
INSERT INTO public.dmc_material_import (id, category_id, code, import_date, import_from, import_from_id, reson, status, supplier_id, temp_import, total, warehouse_id) VALUES (105, 0, 'NK000105', '2018-10-01 00:00:00.000000', 0, null, null, 1, 0, null, 27600000, 101);
INSERT INTO public.dmc_material_import_detail (id, code, import_date, material_group_id, material_id, material_import_id, price, quantity, status, total) VALUES (103, 'NT000103', '2018-10-01 00:00:00.000000', 103, 108, 105, 230000, 120, 1, 27600000);
INSERT INTO public.dmc_product_group (id, code, def_code, name, status) VALUES (102, 'NT000102', null, 'Máy biến thế', 1);
INSERT INTO public.dmc_product_subgroup (id, code, def_code, name, product_group_code, status) VALUES (102, 'NS000102', null, 'Máy biến thế trên 1Kv', '102', 1);
INSERT INTO public.dmc_product (id, code, is_code_fixed, def_code, full_code, name, producer, product_group_code, product_subgroup_code, short_description, sort_name, status, unit) VALUES (103, 'VT000103', false, null, null, 'Máy biến thế hiệu con Đại bàng 5Kv', 'DMC Corp', '102', '102', '', null, 1, 'chiếc');

INSERT INTO public.dmc_config (id, ext, key, value) VALUES (1, 'dmco', 'mst', '0105788349');
INSERT INTO public.dmc_config (id, ext, key, value) VALUES (2, 'dmco', 'address', 'Số 4, ngách 342/101, đường Khương Đình, Phường Hạ Đình, Quận Thanh Xuân, Thành phố Hà Nội');
INSERT INTO public.dmc_config (id, ext, key, value) VALUES (3, 'dmco', 'name', 'DANG MAI CO., LTD');
INSERT INTO public.dmc_config (id, ext, key, value) VALUES (4, 'dmco', 'represent', 'Đặng Hồng Quân');
INSERT INTO public.dmc_config (id, ext, key, value) VALUES (5, 'dmco', 'startDate', '11/02/2012');
INSERT INTO public.dmc_config (id, ext, key, value) VALUES (6, 'dmco', 'workingDate', '10/02/2012');
INSERT INTO public.dmc_config (id, ext, key, value) VALUES (7, 'dmco', 'phone', '090801015');
INSERT INTO public.dmc_config (id, ext, key, value) VALUES (8, 'dmco', 'fax', '0485869672');
INSERT INTO public.dmc_config (id, ext, key, value) VALUES (9, 'dmco', 'email', 'kataro92@gmail.com');


INSERT INTO public.dmc_department (id, code, def_code, name, edited_by, description, parent_code, status) VALUES (1, 'PB0001', 'pb0001', 'Ban Giám Đốc', null, 'Ban Giám Đốc', null, 1);
INSERT INTO public.dmc_department (id, code, def_code, name, edited_by, description, parent_code, status) VALUES (2, 'PB0002', 'pb0002', 'Phòng Kỹ Thuật', null, null, '1', 1);
INSERT INTO public.dmc_department (id, code, def_code, name, edited_by, description, parent_code, status) VALUES (3, 'PB0003', 'pb0003', 'Phòng Kỹ Thuật - Tủ Điện', null, null, '2', 1);
INSERT INTO public.dmc_department (id, code, def_code, name, edited_by, description, parent_code, status) VALUES (4, 'PB0004', 'pb0004', 'Phòng Kỹ Thuật - Cơ Khí', null, null, '2', 1);
INSERT INTO public.dmc_department (id, code, def_code, name, edited_by, description, parent_code, status) VALUES (5, 'PB0005', 'pb0005', 'Phòng Hành Chính - Nhân Sự', null, null, '1', 1);
INSERT INTO public.dmc_department (id, code, def_code, name, edited_by, description, parent_code, status) VALUES (6, 'PB0006', 'pb0006', 'Phòng Kế Toán', null, null, '1', 1);
INSERT INTO public.dmc_department (id, code, def_code, name, edited_by, description, parent_code, status) VALUES (7, 'PB0007', 'pb0007', 'Phòng Kinh Doanh', null, null, '1', 1);
INSERT INTO public.dmc_department (id, code, def_code, name, edited_by, description, parent_code, status) VALUES (8, 'PB0008', 'pb0008', 'Phòng Sản Xuất', null, null, '1', 1);
INSERT INTO public.dmc_department (id, code, def_code, name, edited_by, description, parent_code, status) VALUES (9, 'PB0009', 'pb0009', 'Phòng Kế Hoạch - Điều Độ Sản Xuất', null, null, '1', 1);
INSERT INTO public.dmc_department (id, code, def_code, name, edited_by, description, parent_code, status) VALUES (10, 'PB0010', 'pb0010', 'Tổ Lắp Ráp Tủ Điện', null, null, '8', 1);
INSERT INTO public.dmc_department (id, code, def_code, name, edited_by, description, parent_code, status) VALUES (11, 'PB0011', null, 'Tổ Máy Gấp Cánh', null, null, '8', 1);
INSERT INTO public.dmc_department (id, code, def_code, name, edited_by, description, parent_code, status) VALUES (12, 'PB0012', null, 'Tổ Máy Cắt - Đột - Chấn', null, null, '8', 1);
INSERT INTO public.dmc_department (id, code, def_code, name, edited_by, description, parent_code, status) VALUES (13, 'PB0013', null, 'Tổ Hàn Cánh', null, null, '8', 1);
INSERT INTO public.dmc_department (id, code, def_code, name, edited_by, description, parent_code, status) VALUES (14, 'PB0014', null, 'Tổ Hàn Vành - Đáy - Mặt', null, null, '8', 1);
INSERT INTO public.dmc_department (id, code, def_code, name, edited_by, description, parent_code, status) VALUES (15, 'PB0015', null, 'Tổ Hàn Tủ', null, null, '1', 1);
INSERT INTO public.dmc_department (id, code, def_code, name, edited_by, description, parent_code, status) VALUES (16, 'PB0016', null, 'Tổ Sơn Vỏ MBA', null, null, '1', 1);
INSERT INTO public.dmc_department (id, code, def_code, name, edited_by, description, parent_code, status) VALUES (17, 'PB0017', null, 'Tổ Sơn Vỏ TBĐ', null, null, '1', 1);
INSERT INTO public.dmc_department (id, code, def_code, name, edited_by, description, parent_code, status) VALUES (19, 'PB0019', null, 'Tổ Hàn Sắt Kẹp - Phụ Kiện', null, null, '1', 1);
INSERT INTO public.dmc_department (id, code, def_code, name, edited_by, description, parent_code, status) VALUES (20, 'PB0020', 'pb0020', 'Phòng Kiểm Soát Chất Lượng', null, null, '1', 1);
INSERT INTO public.dmc_department (id, code, def_code, name, edited_by, description, parent_code, status) VALUES (21, 'PB0021', null, 'Phòng Vật Tư', null, null, '1', 1);
INSERT INTO public.dmc_department (id, code, def_code, name, edited_by, description, parent_code, status) VALUES (22, 'PB0022', null, 'Phòng Mua Bán', null, null, '1', 1);
INSERT INTO public.dmc_department (id, code, def_code, name, edited_by, description, parent_code, status) VALUES (23, 'PB0023', null, 'Quản Lý Kho', null, null, '1', 1);
INSERT INTO public.dmc_department (id, code, def_code, name, edited_by, description, parent_code, status) VALUES (24, 'PB0024', null, 'Đội Xe', null, null, '1', 1);
INSERT INTO public.dmc_department (id, code, def_code, name, edited_by, description, parent_code, status) VALUES (25, 'PB0025', null, 'Phòng Dịch Vụ - Hậu Cần', null, null, '1', 1);
INSERT INTO public.dmc_department (id, code, def_code, name, edited_by, description, parent_code, status) VALUES (26, 'PB0026', null, 'Tổ Bếp', null, null, '1', 1);
INSERT INTO public.dmc_department (id, code, def_code, name, edited_by, description, parent_code, status) VALUES (27, 'PB0027', null, 'Tổ Bảo Vệ', null, null, '1', 1);
INSERT INTO public.dmc_department (id, code, def_code, name, edited_by, description, parent_code, status) VALUES (28, 'PB0028', null, 'Tổ Vệ Sinh', null, null, '1', 1);
INSERT INTO public.dmc_department (id, code, def_code, name, edited_by, description, parent_code, status) VALUES (18, 'PB0018', null, 'Tổ Bảo Dưỡng - Bảo Trì Thiết Bị', null, null, '1', 1);
INSERT INTO public.dmc_department (id, code, def_code, name, edited_by, description, parent_code, status) VALUES (29, 'PB0029', null, 'Tổ Thử Kín', null, null, '1', 1);

--Create squence
CREATE SEQUENCE IF NOT EXISTS client__id_seq START 101;
CREATE SEQUENCE IF NOT EXISTS company__id_seq START 101;
CREATE SEQUENCE IF NOT EXISTS department__id_seq START 101;
CREATE SEQUENCE IF NOT EXISTS dmc_barcode_id_seq START 101;
CREATE SEQUENCE IF NOT EXISTS dmc_building_product_id_seq START 101;
CREATE SEQUENCE IF NOT EXISTS dmc_builiding_material_id_seq START 101;
CREATE SEQUENCE IF NOT EXISTS dmc_config_id_seq START 101;
CREATE SEQUENCE IF NOT EXISTS dmc_document_id_seq START 101;
CREATE SEQUENCE IF NOT EXISTS dmc_material_dismiss_detail_id_seq START 101;
CREATE SEQUENCE IF NOT EXISTS dmc_material_dismiss_id_seq START 101;
CREATE SEQUENCE IF NOT EXISTS dmc_material_export_detail_id_seq START 101;
CREATE SEQUENCE IF NOT EXISTS dmc_material_export_id_seq START 101;
CREATE SEQUENCE IF NOT EXISTS dmc_material_import_detail_id_seq START 101;
CREATE SEQUENCE IF NOT EXISTS dmc_material_import_id_seq START 101;
CREATE SEQUENCE IF NOT EXISTS dmc_material_transfer_detail_id_seq START 101;
CREATE SEQUENCE IF NOT EXISTS dmc_material_transfer_id_seq START 101;
CREATE SEQUENCE IF NOT EXISTS dmc_object_object_id_seq START 101;
CREATE SEQUENCE IF NOT EXISTS dmc_user_object_user_object_id_seq START 101;
CREATE SEQUENCE IF NOT EXISTS dmc_warehouse_stock_id_seq START 101;
CREATE SEQUENCE IF NOT EXISTS dmc_warehousr_id_seq START 101;
CREATE SEQUENCE IF NOT EXISTS employee__id_seq START 101;
CREATE SEQUENCE IF NOT EXISTS hibernate_sequence START 101;
CREATE SEQUENCE IF NOT EXISTS job_position__id_seq START 101;
CREATE SEQUENCE IF NOT EXISTS material__id_seq START 101;
CREATE SEQUENCE IF NOT EXISTS material_barcode__id_seq START 101;
CREATE SEQUENCE IF NOT EXISTS material_delivery_voucher__id_seq START 101;
CREATE SEQUENCE IF NOT EXISTS material_group__id_seq START 101;
CREATE SEQUENCE IF NOT EXISTS material_receiving_voucher__id_seq START 101;
CREATE SEQUENCE IF NOT EXISTS material_subgroup__id_seq START 101;
CREATE SEQUENCE IF NOT EXISTS product__id_seq START 101;
CREATE SEQUENCE IF NOT EXISTS product_group__id_seq START 101;
CREATE SEQUENCE IF NOT EXISTS product_subgroup__id_seq START 101;
CREATE SEQUENCE IF NOT EXISTS supplier__id_seq START 101;
CREATE SEQUENCE IF NOT EXISTS system_counter__id_seq START 101;
CREATE SEQUENCE IF NOT EXISTS user__id_seq START 101;
CREATE SEQUENCE IF NOT EXISTS property__id_seq START 101;



